sno,candidate_id,candidate_name,candidate_link,constituency,party,criminal_cases,education,assets,liabilities
1,130,Abhay Ramchandra Prabhu,https://myneta.info/goa2017/candidate.php?candidate_id=130,SIRODA,Maharashtrawadi Gomantak,0,Graduate,"Rs 7,94,13,998 ~ 7 Crore+","Rs 2,15,11,059 ~ 2 Crore+"
2,208,Abhijit Dhargalkar,https://myneta.info/goa2017/candidate.php?candidate_id=208,SIOLIM,NCP,1,12th Pass,"Rs 2,72,94,900 ~ 2 Crore+","Rs 80,60,000 ~ 80 Lacs+"
3,200,Agnelo Nicholas Fernandes,https://myneta.info/goa2017/candidate.php?candidate_id=200,SALIGAO,INC,0,Post Graduate,"Rs 17,87,67,510 ~ 17 Crore+","Rs 19,40,70,238 ~ 19 Crore+"
4,275,Ajit Sadanand Mhalshekar,https://myneta.info/goa2017/candidate.php?candidate_id=275,PORIEM,IND,0,10th Pass,"Rs 3,87,72,313 ~ 3 Crore+",Rs 0 ~
5,270,Ajitasing Vamanarao Rane Saradesai,https://myneta.info/goa2017/candidate.php?candidate_id=270,MAEM,AAP,2,Post Graduate,"Rs 83,52,400 ~ 83 Lacs+","Rs 40,93,000 ~ 40 Lacs+"
6,47,Aleixo Reginaldo Lourenco,https://myneta.info/goa2017/candidate.php?candidate_id=47,CURTORIM,INC,0,10th Pass,"Rs 5,17,50,599 ~ 5 Crore+","Rs 17,28,663 ~ 17 Lacs+"
7,107,Alina Saldanha,https://myneta.info/goa2017/candidate.php?candidate_id=107,CORTALIM,BJP,0,Graduate Professional,"Rs 4,12,42,590 ~ 4 Crore+",Rs 0 ~
8,83,Amarnath Panjikar,https://myneta.info/goa2017/candidate.php?candidate_id=83,ALDONA,INC,0,Post Graduate,"Rs 5,82,36,239 ~ 5 Crore+",Rs 0 ~
9,243,Anandrao Narayanrao Nagvenkar,https://myneta.info/goa2017/candidate.php?candidate_id=243,ALDONA,IND,0,Graduate,https://myneta.info/image_v2.php?myneta_folder=goa2017&candidate_id=243&col=ta,https://myneta.info/image_v2.php?myneta_folder=goa2017&candidate_id=243&col=lia
10,253,Anthony Rodrigues,https://myneta.info/goa2017/candidate.php?candidate_id=253,VELIM,Goa Forward Party,0,8th Pass,"Rs 88,10,415 ~ 88 Lacs+",Rs 0 ~
11,279,Antonio Caetano Fernandes,https://myneta.info/goa2017/candidate.php?candidate_id=279,ST. CRUZ,INC,0,10th Pass,"Rs 7,02,85,619 ~ 7 Crore+","Rs 3,74,57,787 ~ 3 Crore+"
12,139,Antonio Vas,https://myneta.info/goa2017/candidate.php?candidate_id=139,CORTALIM,IND,0,10th Pass,"Rs 3,39,67,226 ~ 3 Crore+","Rs 35,60,727 ~ 35 Lacs+"
13,217,Arthur Dsilva,https://myneta.info/goa2017/candidate.php?candidate_id=217,CURTORIM,BJP,1,12th Pass,"Rs 12,27,49,977 ~ 12 Crore+","Rs 3,65,54,415 ~ 3 Crore+"
14,96,Ashish V. Kanekar,https://myneta.info/goa2017/candidate.php?candidate_id=96,VALPOI,AAP,0,Others,"Rs 1,40,54,898 ~ 1 Crore+","Rs 87,32,466 ~ 87 Lacs+"
15,274,Ashok Anant Gaonkar,https://myneta.info/goa2017/candidate.php?candidate_id=274,MAEM,IND,0,Others,"Rs 38,78,296 ~ 38 Lacs+",Rs 0 ~
16,284,Ashwin Menino Rosario,https://myneta.info/goa2017/candidate.php?candidate_id=284,ST. ANDRE,IND,0,12th Pass,"Rs 36,597 ~ 36 Thou+","Rs 27,832 ~ 27 Thou+"
17,124,Atanasio J. Monserrate,https://myneta.info/goa2017/candidate.php?candidate_id=124,PANAJI,United Goans Party,1,12th Pass,"Rs 30,81,18,480 ~ 30 Crore+","Rs 6,92,21,694 ~ 6 Crore+"
18,129,Atmaram Vaman Gaonker,https://myneta.info/goa2017/candidate.php?candidate_id=129,MAEM,Goa Suraksha Manch,0,Post Graduate,https://myneta.info/image_v2.php?myneta_folder=goa2017&candidate_id=129&col=ta,https://myneta.info/image_v2.php?myneta_folder=goa2017&candidate_id=129&col=lia
19,69,Avertano Furtado,https://myneta.info/goa2017/candidate.php?candidate_id=69,NAVELIM,IND,0,10th Pass,"Rs 1,59,17,565 ~ 1 Crore+","Rs 16,02,624 ~ 16 Lacs+"
20,52,Avin Vishwanath Naik,https://myneta.info/goa2017/candidate.php?candidate_id=52,FATORDA,IND,1,Graduate,"Rs 64,72,150 ~ 64 Lacs+","Rs 18,27,599 ~ 18 Lacs+"
21,235,Balkrishna Ramnath Marathe,https://myneta.info/goa2017/candidate.php?candidate_id=235,SANVORDEM,IND,0,Post Graduate,"Rs 38,11,000 ~ 38 Lacs+","Rs 4,85,000 ~ 4 Lacs+"
22,241,Benjamin Silva,https://myneta.info/goa2017/candidate.php?candidate_id=241,VELIM,IND,0,10th Pass,"Rs 6,38,23,552 ~ 6 Crore+","Rs 2,82,47,380 ~ 2 Crore+"
23,164,Bhim Raghuvir Pednekar,https://myneta.info/goa2017/candidate.php?candidate_id=164,MANDREM,Bahujan Mukti Party,0,10th Pass,"Rs 16,89,282 ~ 16 Lacs+",Rs 0 ~
24,157,Caetano Rosario Silva,https://myneta.info/goa2017/candidate.php?candidate_id=157,BENAULIM,IND,0,5th Pass,"Rs 4,17,34,771 ~ 4 Crore+","Rs 6,23,025 ~ 6 Lacs+"
25,58,Carlito Edrich Correia,https://myneta.info/goa2017/candidate.php?candidate_id=58,VELIM,IND,0,12th Pass,"Rs 1,67,54,879 ~ 1 Crore+",Rs 0 ~
26,213,Cecille Rodrigues,https://myneta.info/goa2017/candidate.php?candidate_id=213,TALEIGAO,AAP,0,Graduate,"Rs 51,48,725 ~ 51 Lacs+","Rs 23,18,340 ~ 23 Lacs+"
27,143,Chandrakant Kavlekar,https://myneta.info/goa2017/candidate.php?candidate_id=143,QUEPEM,INC,0,8th Pass,https://myneta.info/image_v2.php?myneta_folder=goa2017&candidate_id=143&col=ta,https://myneta.info/image_v2.php?myneta_folder=goa2017&candidate_id=143&col=lia
28,238,Chandrashekher Vast,https://myneta.info/goa2017/candidate.php?candidate_id=238,VASCO-DA-GAMA,Niz Goenkar Revolution Front,0,8th Pass,"Rs 17,90,319 ~ 17 Lacs+",Rs 0 ~
29,230,Charles Dsilva,https://myneta.info/goa2017/candidate.php?candidate_id=230,QUEPEM,Goa Su-Raj Party,0,Graduate,"Rs 82,57,041 ~ 82 Lacs+","Rs 11,28,995 ~ 11 Lacs+"
30,216,Churchill Alemao,https://myneta.info/goa2017/candidate.php?candidate_id=216,BENAULIM,NCP,1,Others,"Rs 13,06,12,260 ~ 13 Crore+","Rs 3,61,06,008 ~ 3 Crore+"
31,57,Clafasio Dias,https://myneta.info/goa2017/candidate.php?candidate_id=57,CUNCOLIM,INC,1,10th Pass,"Rs 7,89,21,029 ~ 7 Crore+","Rs 28,27,773 ~ 28 Lacs+"
32,242,Cliffton Dsouza,https://myneta.info/goa2017/candidate.php?candidate_id=242,VELIM,Ambedkarite Party of India,0,10th Pass,"Rs 1,34,000 ~ 1 Lacs+",Rs 0 ~
33,218,Conceicao Dias,https://myneta.info/goa2017/candidate.php?candidate_id=218,CURTORIM,Maharashtrawadi Gomantak,0,8th Pass,"Rs 19,86,747 ~ 19 Lacs+",Rs 0 ~
34,254,Constancio Fernandes,https://myneta.info/goa2017/candidate.php?candidate_id=254,VELIM,IND,0,Graduate,"Rs 1,71,19,287 ~ 1 Crore+","Rs 26,18,072 ~ 26 Lacs+"
35,173,Cruz Antonio Jorge Barretto,https://myneta.info/goa2017/candidate.php?candidate_id=173,NAVELIM,Goa Vikas Party,0,8th Pass,"Rs 74,47,614 ~ 74 Lacs+","Rs 12,00,000 ~ 12 Lacs+"
36,180,Cruz Silva,https://myneta.info/goa2017/candidate.php?candidate_id=180,VELIM,AAP,0,Graduate Professional,https://myneta.info/image_v2.php?myneta_folder=goa2017&candidate_id=180&col=ta,https://myneta.info/image_v2.php?myneta_folder=goa2017&candidate_id=180&col=lia
37,4,Damodar Gajanan Naik,https://myneta.info/goa2017/candidate.php?candidate_id=4,FATORDA,BJP,0,Graduate,"Rs 3,06,52,822 ~ 3 Crore+","Rs 7,87,814 ~ 7 Lacs+"
38,7,Dattaprasad Naik,https://myneta.info/goa2017/candidate.php?candidate_id=7,TALEIGAO,BJP,0,12th Pass,"Rs 10,94,06,582 ~ 10 Crore+","Rs 68,45,809 ~ 68 Lacs+"
39,70,Dattaprasad Sawardekar,https://myneta.info/goa2017/candidate.php?candidate_id=70,SANGUEM,IND,0,12th Pass,"Rs 2,12,62,644 ~ 2 Crore+","Rs 15,00,000 ~ 15 Lacs+"
40,151,Dattaram Naguesh Chari,https://myneta.info/goa2017/candidate.php?candidate_id=151,ST. ANDRE,NCP,0,10th Pass,"Rs 1,92,96,461 ~ 1 Crore+","Rs 7,46,078 ~ 7 Lacs+"
41,26,Dattatraya Vittal Padgaonkar,https://myneta.info/goa2017/candidate.php?candidate_id=26,SALIGAO,AAP,0,Graduate,"Rs 1,82,10,436 ~ 1 Crore+",Rs 0 ~
42,71,Dayanand Raghunath Sopte,https://myneta.info/goa2017/candidate.php?candidate_id=71,MANDREM,INC,0,Graduate,"Rs 3,51,31,000 ~ 3 Crore+","Rs 45,50,987 ~ 45 Lacs+"
43,80,Dayanand Rayu Mandrekar,https://myneta.info/goa2017/candidate.php?candidate_id=80,SIOLIM,BJP,0,10th Pass,"Rs 4,32,00,168 ~ 4 Crore+","Rs 55,09,504 ~ 55 Lacs+"
44,112,Deepak Prabhu Pauskar,https://myneta.info/goa2017/candidate.php?candidate_id=112,SANVORDEM,Maharashtrawadi Gomantak,0,8th Pass,"Rs 13,13,61,616 ~ 13 Crore+","Rs 7,89,22,286 ~ 7 Crore+"
45,273,Deepkumar Dasharath Mapari,https://myneta.info/goa2017/candidate.php?candidate_id=273,MAEM,IND,0,10th Pass,https://myneta.info/image_v2.php?myneta_folder=goa2017&candidate_id=273&col=ta,https://myneta.info/image_v2.php?myneta_folder=goa2017&candidate_id=273&col=lia
46,175,Derick Dias,https://myneta.info/goa2017/candidate.php?candidate_id=175,CUNCOLIM,IND,0,Graduate,"Rs 1,40,77,000 ~ 1 Crore+",Rs 0 ~
47,252,Devendra Dessai,https://myneta.info/goa2017/candidate.php?candidate_id=252,CUNCOLIM,SHS,0,10th Pass,"Rs 2,64,85,000 ~ 2 Crore+","Rs 55,50,000 ~ 55 Lacs+"
48,148,Devendra Krishnaji Prabhu Parsekar Desai,https://myneta.info/goa2017/candidate.php?candidate_id=148,MANDREM,AAP,2,Graduate,"Rs 98,95,320 ~ 98 Lacs+","Rs 2,15,000 ~ 2 Lacs+"
49,156,Dhaku Arjun Madkaikar,https://myneta.info/goa2017/candidate.php?candidate_id=156,ST. ANDRE,IND,1,5th Pass,"Rs 4,04,83,173 ~ 4 Crore+","Rs 1,94,12,498 ~ 1 Crore+"
50,202,Dharmesh Prabhudas Saglani,https://myneta.info/goa2017/candidate.php?candidate_id=202,SANQUELIM,INC,0,12th Pass,"Rs 8,09,40,825 ~ 8 Crore+","Rs 2,40,61,001 ~ 2 Crore+"
51,1,Digambar Vasant Kamat,https://myneta.info/goa2017/candidate.php?candidate_id=1,MARGAO,INC,1,Graduate,"Rs 10,74,72,430 ~ 10 Crore+","Rs 31,93,625 ~ 31 Lacs+"
52,188,Dilip Ghadi,https://myneta.info/goa2017/candidate.php?candidate_id=188,PANAJI,IND,0,5th Pass,"Rs 6,54,040 ~ 6 Lacs+","Rs 51,442 ~ 51 Thou+"
53,81,Dilip Parulekar,https://myneta.info/goa2017/candidate.php?candidate_id=81,SALIGAO,BJP,1,12th Pass,"Rs 6,28,64,242 ~ 6 Crore+","Rs 83,26,769 ~ 83 Lacs+"
54,51,Dilip Sagun Naik,https://myneta.info/goa2017/candidate.php?candidate_id=51,FATORDA,Maharashtrawadi Gomantak,0,Graduate Professional,https://myneta.info/image_v2.php?myneta_folder=goa2017&candidate_id=51&col=ta,https://myneta.info/image_v2.php?myneta_folder=goa2017&candidate_id=51&col=lia
55,108,Dinesh Bandodkar,https://myneta.info/goa2017/candidate.php?candidate_id=108,NUVEM,IND,0,Graduate,"Rs 79,13,875 ~ 79 Lacs+","Rs 2,00,000 ~ 2 Lacs+"
56,131,Diya Chandrakant Shetkar,https://myneta.info/goa2017/candidate.php?candidate_id=131,SIRODA,IND,0,Post Graduate,"Rs 1,12,33,168 ~ 1 Crore+","Rs 8,73,323 ~ 8 Lacs+"
57,193,Dnyaneswar Sitaram Varkhankar,https://myneta.info/goa2017/candidate.php?candidate_id=193,PERNEM,Goa Praja Party,0,8th Pass,"Rs 45,000 ~ 45 Thou+",Rs 0 ~
58,187,Dominic Savio A. E. Fernandes,https://myneta.info/goa2017/candidate.php?candidate_id=187,PANAJI,NCP,0,12th Pass,"Rs 2,74,91,376 ~ 2 Crore+",Rs 0 ~
59,116,Domnic Alphonso,https://myneta.info/goa2017/candidate.php?candidate_id=116,MAPUSA,IND,0,8th Pass,"Rs 85,63,839 ~ 85 Lacs+","Rs 33,62,379 ~ 33 Lacs+"
60,256,Domnic John Noronha,https://myneta.info/goa2017/candidate.php?candidate_id=256,VELIM,Goa Su-Raj Party,0,10th Pass,"Rs 21,06,500 ~ 21 Lacs+",Rs 0 ~
61,264,Douglas Lawrence Sequeira,https://myneta.info/goa2017/candidate.php?candidate_id=264,TIVIM,NCP,0,12th Pass,"Rs 1,63,96,641 ~ 1 Crore+",Rs 0 ~
62,171,Dr. Dattaram Dessai,https://myneta.info/goa2017/candidate.php?candidate_id=171,PRIOL,AAP,0,Graduate Professional,"Rs 1,85,53,635 ~ 1 Crore+",Rs 0 ~
63,46,Dr. Mariano Godinho,https://myneta.info/goa2017/candidate.php?candidate_id=46,NUVEM,AAP,0,Graduate Professional,https://myneta.info/image_v2.php?myneta_folder=goa2017&candidate_id=46&col=ta,https://myneta.info/image_v2.php?myneta_folder=goa2017&candidate_id=46&col=lia
64,226,Duarte Pires,https://myneta.info/goa2017/candidate.php?candidate_id=226,NAVELIM,IND,1,10th Pass,"Rs 36,72,862 ~ 36 Lacs+","Rs 78,77,310 ~ 78 Lacs+"
65,172,Edwin Cardozo (cipru),https://myneta.info/goa2017/candidate.php?candidate_id=172,NAVELIM,IND,0,8th Pass,"Rs 82,11,942 ~ 82 Lacs+",Rs 0 ~
66,49,Edwin Domnic Vaz,https://myneta.info/goa2017/candidate.php?candidate_id=49,CURTORIM,AAP,0,Graduate Professional,"Rs 2,88,13,063 ~ 2 Crore+",Rs 0 ~
67,158,Edwino Barreto,https://myneta.info/goa2017/candidate.php?candidate_id=158,BENAULIM,INC,0,Graduate,"Rs 1,31,81,917 ~ 1 Crore+","Rs 21,74,316 ~ 21 Lacs+"
68,3,Elvis Gomes,https://myneta.info/goa2017/candidate.php?candidate_id=3,CUNCOLIM,AAP,0,Graduate Professional,"Rs 1,83,21,000 ~ 1 Crore+",Rs 0 ~
69,162,Filipe Nery Rodrigues,https://myneta.info/goa2017/candidate.php?candidate_id=162,VELIM,INC,0,Others,"Rs 9,19,91,897 ~ 9 Crore+","Rs 20,00,000 ~ 20 Lacs+"
70,22,Francisco C. J. A. De Pinto E Souza,https://myneta.info/goa2017/candidate.php?candidate_id=22,MAPUSA,BJP,0,Graduate Professional,"Rs 3,35,14,295 ~ 3 Crore+","Rs 32,68,000 ~ 32 Lacs+"
71,135,Francisco Jose Nunes,https://myneta.info/goa2017/candidate.php?candidate_id=135,DABOLIM,INC,0,10th Pass,"Rs 9,55,31,833 ~ 9 Crore+","Rs 12,21,736 ~ 12 Lacs+"
72,155,Francisco Silveira,https://myneta.info/goa2017/candidate.php?candidate_id=155,ST. ANDRE,INC,0,10th Pass,https://myneta.info/image_v2.php?myneta_folder=goa2017&candidate_id=155&col=ta,https://myneta.info/image_v2.php?myneta_folder=goa2017&candidate_id=155&col=lia
73,229,Francisco Xavier Pacheco,https://myneta.info/goa2017/candidate.php?candidate_id=229,NUVEM,Goa Su-Raj Party,1,5th Pass,"Rs 8,53,44,335 ~ 8 Crore+","Rs 40,67,193 ~ 40 Lacs+"
74,27,Gajanan Rama Naik,https://myneta.info/goa2017/candidate.php?candidate_id=27,SALIGAO,CPI,0,10th Pass,"Rs 23,23,000 ~ 23 Lacs+",Rs 0 ~
75,15,Gandhi Henriques,https://myneta.info/goa2017/candidate.php?candidate_id=15,VASCO-DA-GAMA,IND,0,Graduate,"Rs 21,92,46,990 ~ 21 Crore+",Rs 0 ~
76,63,Ganesh Chandru Gaonkar,https://myneta.info/goa2017/candidate.php?candidate_id=63,SANVORDEM,BJP,0,Graduate,"Rs 8,94,96,975 ~ 8 Crore+","Rs 4,31,45,503 ~ 4 Crore+"
77,140,Gilbert Mariano Rodrigues,https://myneta.info/goa2017/candidate.php?candidate_id=140,CORTALIM,INC,4,12th Pass,"Rs 1,08,72,475 ~ 1 Crore+","Rs 32,75,778 ~ 32 Lacs+"
78,247,Gilroy Costa,https://myneta.info/goa2017/candidate.php?candidate_id=247,CORTALIM,Goa Praja Party,0,10th Pass,"Rs 48,40,000 ~ 48 Lacs+",Rs 0 ~
79,160,Giovanni Karl Vaz,https://myneta.info/goa2017/candidate.php?candidate_id=160,MORMUGAO,AAP,0,12th Pass,"Rs 43,03,98,025 ~ 43 Crore+","Rs 4,24,49,868 ~ 4 Crore+"
80,32,Glenn John Vijay Ambrose E. Souza Ticlo,https://myneta.info/goa2017/candidate.php?candidate_id=32,ALDONA,BJP,0,Graduate,"Rs 9,91,78,678 ~ 9 Crore+","Rs 2,34,93,317 ~ 2 Crore+"
81,118,Godwin Fernandes,https://myneta.info/goa2017/candidate.php?candidate_id=118,CALANGUTE,AAP,0,Others,https://myneta.info/image_v2.php?myneta_folder=goa2017&candidate_id=118&col=ta,https://myneta.info/image_v2.php?myneta_folder=goa2017&candidate_id=118&col=lia
82,191,Gopaldas Anant Arlekar,https://myneta.info/goa2017/candidate.php?candidate_id=191,PERNEM,Goa Vikas Party,0,Graduate,"Rs 40,43,000 ~ 40 Lacs+","Rs 22,85,000 ~ 22 Lacs+"
83,181,Gourish Bandekar,https://myneta.info/goa2017/candidate.php?candidate_id=181,CANACONA,Maharashtrawadi Gomantak,0,12th Pass,"Rs 18,13,417 ~ 18 Lacs+",Rs 0 ~
84,37,Govind Shepu Gaude,https://myneta.info/goa2017/candidate.php?candidate_id=37,PRIOL,IND,3,Others,"Rs 1,21,85,811 ~ 1 Crore+","Rs 32,72,306 ~ 32 Lacs+"
85,120,Guruprasad R. Pawaskar,https://myneta.info/goa2017/candidate.php?candidate_id=120,PROVORIM,BJP,0,Others,"Rs 5,77,89,669 ~ 5 Crore+","Rs 62,41,777 ~ 62 Lacs+"
86,186,Hanumant Vasant Naik,https://myneta.info/goa2017/candidate.php?candidate_id=186,MARCAIM,IND,0,12th Pass,"Rs 85,13,175 ~ 85 Lacs+","Rs 71,333 ~ 71 Thou+"
87,86,Hemant Dinanath Golatkar,https://myneta.info/goa2017/candidate.php?candidate_id=86,ST. CRUZ,BJP,0,12th Pass,"Rs 1,14,98,874 ~ 1 Crore+","Rs 2,00,000 ~ 2 Lacs+"
88,113,Isidore Aleixinho Fernandes,https://myneta.info/goa2017/candidate.php?candidate_id=113,CANACONA,INC,0,Graduate,"Rs 2,80,59,735 ~ 2 Crore+","Rs 12,76,412 ~ 12 Lacs+"
89,153,Jagdish Umakant Bhobe,https://myneta.info/goa2017/candidate.php?candidate_id=153,ST. ANDRE,Maharashtrawadi Gomantak,0,12th Pass,"Rs 84,08,738 ~ 84 Lacs+",Rs 0 ~
90,61,James Fernandes,https://myneta.info/goa2017/candidate.php?candidate_id=61,CURCHOREM,AAP,0,Post Graduate,https://myneta.info/image_v2.php?myneta_folder=goa2017&candidate_id=61&col=ta,https://myneta.info/image_v2.php?myneta_folder=goa2017&candidate_id=61&col=lia
91,206,Janardan Narahari Tamhankar,https://myneta.info/goa2017/candidate.php?candidate_id=206,SIOLIM,Bahujan Mukti Party,0,Post Graduate,"Rs 11,14,637 ~ 11 Lacs+",Rs 0 ~
92,223,Jayesh Raghunath Naik,https://myneta.info/goa2017/candidate.php?candidate_id=223,MARGAO,Maharashtrawadi Gomantak,0,Post Graduate,"Rs 34,74,095 ~ 34 Lacs+","Rs 6,69,000 ~ 6 Lacs+"
93,28,Jayesh Vidyadhar Salgaonkar,https://myneta.info/goa2017/candidate.php?candidate_id=28,SALIGAO,Goa Forward Party,0,12th Pass,"Rs 1,75,68,247 ~ 1 Crore+","Rs 21,94,642 ~ 21 Lacs+"
94,85,Jennifer Monserrate,https://myneta.info/goa2017/candidate.php?candidate_id=85,TALEIGAO,INC,1,12th Pass,"Rs 30,81,18,480 ~ 30 Crore+","Rs 6,92,21,694 ~ 6 Crore+"
95,144,Joao Fernandes,https://myneta.info/goa2017/candidate.php?candidate_id=144,QUEPEM,AAP,1,Graduate Professional,"Rs 45,13,712 ~ 45 Lacs+","Rs 40,000 ~ 40 Thou+"
96,174,Joaquim Alemao,https://myneta.info/goa2017/candidate.php?candidate_id=174,CUNCOLIM,IND,0,5th Pass,"Rs 16,26,12,452 ~ 16 Crore+","Rs 2,37,45,657 ~ 2 Crore+"
97,251,John Fernandes,https://myneta.info/goa2017/candidate.php?candidate_id=251,BENAULIM,Goa Su-Raj Party,0,10th Pass,"Rs 7,39,24,641 ~ 7 Crore+","Rs 3,39,43,607 ~ 3 Crore+"
98,176,John Inacio Monteiro,https://myneta.info/goa2017/candidate.php?candidate_id=176,CUNCOLIM,Goa Vikas Party,0,Graduate Professional,"Rs 64,91,827 ~ 64 Lacs+","Rs 18,06,211 ~ 18 Lacs+"
99,222,Jose Dsilva,https://myneta.info/goa2017/candidate.php?candidate_id=222,FATORDA,INC,2,10th Pass,https://myneta.info/image_v2.php?myneta_folder=goa2017&candidate_id=222&col=ta,https://myneta.info/image_v2.php?myneta_folder=goa2017&candidate_id=222&col=lia
100,255,Jose Fernandes,https://myneta.info/goa2017/candidate.php?candidate_id=255,VELIM,IND,0,10th Pass,"Rs 57,63,515 ~ 57 Lacs+","Rs 5,00,000 ~ 5 Lacs+"
101,16,Jose Filipe De Sousa,https://myneta.info/goa2017/candidate.php?candidate_id=16,VASCO-DA-GAMA,NCP,1,12th Pass,"Rs 3,90,06,437 ~ 3 Crore+","Rs 88,69,171 ~ 88 Lacs+"
102,168,Jose Lopes,https://myneta.info/goa2017/candidate.php?candidate_id=168,ST. CRUZ,IND,1,8th Pass,Nil,Rs 0 ~
103,43,Jose Luis Carlos Almeida,https://myneta.info/goa2017/candidate.php?candidate_id=43,VASCO-DA-GAMA,BJP,0,12th Pass,"Rs 2,51,27,700 ~ 2 Crore+","Rs 63,78,317 ~ 63 Lacs+"
104,219,Jose Paulo Fernandes,https://myneta.info/goa2017/candidate.php?candidate_id=219,CURTORIM,IND,0,10th Pass,"Rs 34,80,000 ~ 34 Lacs+",Rs 0 ~
105,87,Jose Vincent Gomes,https://myneta.info/goa2017/candidate.php?candidate_id=87,ST. CRUZ,AAP,0,10th Pass,"Rs 82,10,919 ~ 82 Lacs+","Rs 18,10,722 ~ 18 Lacs+"
106,119,Joseph Robert Sequeira,https://myneta.info/goa2017/candidate.php?candidate_id=119,CALANGUTE,INC,2,12th Pass,"Rs 12,22,62,050 ~ 12 Crore+","Rs 65,17,005 ~ 65 Lacs+"
107,249,Judith Aurelia Baptista Almeida Alias Judith Almeida,https://myneta.info/goa2017/candidate.php?candidate_id=249,BENAULIM,IND,0,Others,"Rs 1,83,32,667 ~ 1 Crore+",Rs 0 ~
108,137,Kenneth Ian Stewart Silveira,https://myneta.info/goa2017/candidate.php?candidate_id=137,DABOLIM,IND,0,Others,https://myneta.info/image_v2.php?myneta_folder=goa2017&candidate_id=137&col=ta,https://myneta.info/image_v2.php?myneta_folder=goa2017&candidate_id=137&col=lia
109,126,Ketan Kirtikumar Prabhu Bhatikar,https://myneta.info/goa2017/candidate.php?candidate_id=126,PANAJI,Goa Suraksha Manch,0,Post Graduate,"Rs 2,10,56,006 ~ 2 Crore+","Rs 86,77,738 ~ 86 Lacs+"
110,5,Kiran Mohan Kandolkar,https://myneta.info/goa2017/candidate.php?candidate_id=5,TIVIM,BJP,0,10th Pass,"Rs 9,37,43,482 ~ 9 Crore+","Rs 4,17,98,795 ~ 4 Crore+"
111,10,Krishna (daji) V Salkar,https://myneta.info/goa2017/candidate.php?candidate_id=10,VASCO-DA-GAMA,IND,0,Graduate,"Rs 3,63,00,900 ~ 3 Crore+","Rs 9,00,000 ~ 9 Lacs+"
112,280,Kritesh Naik Gaunkar,https://myneta.info/goa2017/candidate.php?candidate_id=280,DABOLIM,NCP,0,Graduate,"Rs 2,62,26,164 ~ 2 Crore+","Rs 63,63,401 ~ 63 Lacs+"
113,99,Lavoo Suryaji Mamledar,https://myneta.info/goa2017/candidate.php?candidate_id=99,PONDA,Maharashtrawadi Gomantak,0,Graduate,"Rs 2,67,00,397 ~ 2 Crore+",Rs 0 ~
114,12,Laxmikant Parsekar,https://myneta.info/goa2017/candidate.php?candidate_id=12,MANDREM,BJP,0,Post Graduate,"Rs 8,98,13,996 ~ 8 Crore+","Rs 29,10,108 ~ 29 Lacs+"
115,283,Leocardio A. D. Monteiro,https://myneta.info/goa2017/candidate.php?candidate_id=283,ST. ANDRE,Goa Su-Raj Party,0,5th Pass,"Rs 1,10,000 ~ 1 Lacs+","Rs 50,000 ~ 50 Thou+"
116,240,Loretta Shreedharan,https://myneta.info/goa2017/candidate.php?candidate_id=240,VASCO-DA-GAMA,AAP,0,Graduate Professional,"Rs 4,42,41,266 ~ 4 Crore+","Rs 9,41,787 ~ 9 Lacs+"
117,161,Luizinho Faleiro,https://myneta.info/goa2017/candidate.php?candidate_id=161,NAVELIM,INC,0,Post Graduate,https://myneta.info/image_v2.php?myneta_folder=goa2017&candidate_id=161&col=ta,https://myneta.info/image_v2.php?myneta_folder=goa2017&candidate_id=161&col=lia
118,40,Mahadev Narayan Naik,https://myneta.info/goa2017/candidate.php?candidate_id=40,SIRODA,BJP,0,12th Pass,"Rs 2,75,94,954 ~ 2 Crore+","Rs 25,53,639 ~ 25 Lacs+"
119,91,Mahesh Shantaram Parab,https://myneta.info/goa2017/candidate.php?candidate_id=91,SANQUELIM,IND,0,8th Pass,"Rs 50,000 ~ 50 Thou+",Rs 0 ~
120,82,Mahesh Vithu Satelakr,https://myneta.info/goa2017/candidate.php?candidate_id=82,ALDONA,Maharashtrawadi Gomantak,0,Graduate,"Rs 29,60,313 ~ 29 Lacs+","Rs 8,60,000 ~ 8 Lacs+"
121,103,Manesh Chandrakant Arolkar,https://myneta.info/goa2017/candidate.php?candidate_id=103,VASCO-DA-GAMA,Maharashtrawadi Gomantak,0,Others,"Rs 62,47,431 ~ 62 Lacs+","Rs 4,64,320 ~ 4 Lacs+"
122,75,Manohar Pandurang Shirodker,https://myneta.info/goa2017/candidate.php?candidate_id=75,BICHOLIM,INC,0,Graduate Professional,"Rs 1,96,87,889 ~ 1 Crore+","Rs 15,75,144 ~ 15 Lacs+"
123,14,Manohar Trimbak Ajgaonkar,https://myneta.info/goa2017/candidate.php?candidate_id=14,PERNEM,Maharashtrawadi Gomantak,0,10th Pass,"Rs 4,50,19,076 ~ 4 Crore+",Rs 0 ~
124,250,Maria Da Luz Arlinda Gomes E Rebelo,https://myneta.info/goa2017/candidate.php?candidate_id=250,BENAULIM,Goa Vikas Party,0,10th Pass,"Rs 4,83,46,687 ~ 4 Crore+",Rs 0 ~
125,224,Maria Liberata Mendonca,https://myneta.info/goa2017/candidate.php?candidate_id=224,MORMUGAO,IND,0,Others,"Rs 4,49,585 ~ 4 Lacs+",Rs 0 ~
126,104,Mauvin Heliodoro Godinho,https://myneta.info/goa2017/candidate.php?candidate_id=104,DABOLIM,BJP,1,Graduate,https://myneta.info/image_v2.php?myneta_folder=goa2017&candidate_id=104&col=ta,https://myneta.info/image_v2.php?myneta_folder=goa2017&candidate_id=104&col=lia
127,29,Michael Vincent Lobo,https://myneta.info/goa2017/candidate.php?candidate_id=29,CALANGUTE,BJP,2,12th Pass,"Rs 54,59,81,558 ~ 54 Crore+","Rs 10,09,71,703 ~ 10 Crore+"
128,141,Miguel Antonio Rodrigues,https://myneta.info/goa2017/candidate.php?candidate_id=141,CORTALIM,IND,0,Illiterate,"Rs 78,30,000 ~ 78 Lacs+","Rs 16,28,770 ~ 16 Lacs+"
129,201,Milind Ravindra Gauns,https://myneta.info/goa2017/candidate.php?candidate_id=201,SANQUELIM,AAP,0,Graduate,"Rs 1,92,74,049 ~ 1 Crore+","Rs 40,02,875 ~ 40 Lacs+"
130,101,Milind Sagun Naik,https://myneta.info/goa2017/candidate.php?candidate_id=101,MORMUGAO,BJP,0,12th Pass,"Rs 8,77,82,252 ~ 8 Crore+","Rs 25,60,330 ~ 25 Lacs+"
131,9,Molu Anand Velip,https://myneta.info/goa2017/candidate.php?candidate_id=9,SIRODA,AAP,0,12th Pass,"Rs 15,26,601 ~ 15 Lacs+","Rs 2,00,000 ~ 2 Lacs+"
132,204,Moulali Nasuruddin Shaikh,https://myneta.info/goa2017/candidate.php?candidate_id=204,SANQUELIM,Goa Su-Raj Party,0,Others,"Rs 30,13,000 ~ 30 Lacs+","Rs 60,000 ~ 60 Thou+"
133,209,Mukesh Sawant,https://myneta.info/goa2017/candidate.php?candidate_id=209,SIOLIM,IND,0,8th Pass,"Rs 9,68,000 ~ 9 Lacs+",Rs 0 ~
134,149,Mulla Mansur Muzawar,https://myneta.info/goa2017/candidate.php?candidate_id=149,PONDA,AAP,0,10th Pass,"Rs 1,18,23,131 ~ 1 Crore+","Rs 73,72,237 ~ 73 Lacs+"
135,18,Naresh Sawal,https://myneta.info/goa2017/candidate.php?candidate_id=18,BICHOLIM,Maharashtrawadi Gomantak,0,12th Pass,https://myneta.info/image_v2.php?myneta_folder=goa2017&candidate_id=18&col=ta,https://myneta.info/image_v2.php?myneta_folder=goa2017&candidate_id=18&col=lia
136,138,Nelly Rodrigues,https://myneta.info/goa2017/candidate.php?candidate_id=138,CORTALIM,Goa Vikas Party,0,Post Graduate,"Rs 6,62,00,000 ~ 6 Crore+",Rs 0 ~
137,60,Nilesh Cabral,https://myneta.info/goa2017/candidate.php?candidate_id=60,CURCHOREM,BJP,0,Others,"Rs 19,95,57,261 ~ 19 Crore+","Rs 8,81,37,280 ~ 8 Crore+"
138,132,Nilesh Govind Gaonkar,https://myneta.info/goa2017/candidate.php?candidate_id=132,SIRODA,IND,0,12th Pass,"Rs 3,29,45,828 ~ 3 Crore+","Rs 1,87,02,891 ~ 1 Crore+"
139,20,Nilkanth Ramnath Halarnkar	,https://myneta.info/goa2017/candidate.php?candidate_id=20,TIVIM,INC,2,10th Pass,"Rs 5,56,44,345 ~ 5 Crore+","Rs 31,85,996 ~ 31 Lacs+"
140,190,Nitin Mohan Chopdekar,https://myneta.info/goa2017/candidate.php?candidate_id=190,PERNEM,Bahujan Mukti Party,0,8th Pass,"Rs 40,000 ~ 40 Thou+",Rs 0 ~
141,142,Olencio Simoes,https://myneta.info/goa2017/candidate.php?candidate_id=142,CORTALIM,AAP,0,Post Graduate,"Rs 18,84,212 ~ 18 Lacs+",Rs 0 ~
142,268,Osbert D Cunha,https://myneta.info/goa2017/candidate.php?candidate_id=268,ALDONA,NCP,0,12th Pass,"Rs 20,000 ~ 20 Thou+","Rs 6,00,000 ~ 6 Lacs+"
143,38,Pandurang Alias Deepak Dhavalikar,https://myneta.info/goa2017/candidate.php?candidate_id=38,PRIOL,Maharashtrawadi Gomantak,0,Graduate,"Rs 14,44,14,800 ~ 14 Crore+","Rs 13,35,84,922 ~ 13 Crore+"
144,8,Pandurang Arjun Madkaikar,https://myneta.info/goa2017/candidate.php?candidate_id=8,CUMBARJUA,BJP,0,10th Pass,https://myneta.info/image_v2.php?myneta_folder=goa2017&candidate_id=8&col=ta,https://myneta.info/image_v2.php?myneta_folder=goa2017&candidate_id=8&col=lia
145,225,Parashuram Umaji Sonurlekar,https://myneta.info/goa2017/candidate.php?candidate_id=225,MORMUGAO,IND,1,Graduate,"Rs 5,94,686 ~ 5 Lacs+","Rs 18,23,100 ~ 18 Lacs+"
146,207,Paresh Raikar,https://myneta.info/goa2017/candidate.php?candidate_id=207,SIOLIM,Goa Suraksha Manch,0,Graduate,"Rs 3,94,26,039 ~ 3 Crore+","Rs 50,37,819 ~ 50 Lacs+"
147,189,Parshuram Dodamani,https://myneta.info/goa2017/candidate.php?candidate_id=189,PANAJI,IND,0,8th Pass,"Rs 6,77,689 ~ 6 Lacs+",Rs 0 ~
148,24,Patrick Savio Almeida,https://myneta.info/goa2017/candidate.php?candidate_id=24,SIOLIM,IND,0,10th Pass,"Rs 2,36,67,099 ~ 2 Crore+","Rs 49,90,221 ~ 49 Lacs+"
149,33,Pedro Caitano Pires	,https://myneta.info/goa2017/candidate.php?candidate_id=33,ST. CRUZ,CPI,0,5th Pass,"Rs 95,80,750 ~ 95 Lacs+",Rs 0 ~
150,272,Prabhakar Laximan Gaonkar,https://myneta.info/goa2017/candidate.php?candidate_id=272,MAEM,IND,0,8th Pass,"Rs 32,51,221 ~ 32 Lacs+",Rs 0 ~
151,21,Pradeep Amonkar Ghadi	,https://myneta.info/goa2017/candidate.php?candidate_id=21,TIVIM,AAP,0,Others,"Rs 5,75,90,174 ~ 5 Crore+","Rs 12,15,000 ~ 12 Lacs+"
152,185,Pradeep Pundalik Shet,https://myneta.info/goa2017/candidate.php?candidate_id=185,MARCAIM,BJP,1,12th Pass,"Rs 9,20,92,552 ~ 9 Crore+",Rs 0 ~
153,127,Prakash Dattaram Naik,https://myneta.info/goa2017/candidate.php?candidate_id=127,CUMBARJUA,AAP,0,Graduate,https://myneta.info/image_v2.php?myneta_folder=goa2017&candidate_id=127&col=ta,https://myneta.info/image_v2.php?myneta_folder=goa2017&candidate_id=127&col=lia
154,88,Prakash Gopi Naik,https://myneta.info/goa2017/candidate.php?candidate_id=88,ST. CRUZ,Maharashtrawadi Gomantak,0,10th Pass,"Rs 92,98,469 ~ 92 Lacs+","Rs 21,83,439 ~ 21 Lacs+"
155,59,Prakash Shankar Velip,https://myneta.info/goa2017/candidate.php?candidate_id=59,QUEPEM,BJP,2,Graduate,"Rs 3,12,11,783 ~ 3 Crore+","Rs 19,54,571 ~ 19 Lacs+"
156,35,Pramod Pandurang Sawant,https://myneta.info/goa2017/candidate.php?candidate_id=35,SANQUELIM,BJP,0,Post Graduate,"Rs 2,78,98,739 ~ 2 Crore+","Rs 88,81,172 ~ 88 Lacs+"
157,183,Prasad Narayan Harmalkar,https://myneta.info/goa2017/candidate.php?candidate_id=183,CUMBARJUA,IND,0,Graduate,"Rs 96,51,515 ~ 96 Lacs+","Rs 70,000 ~ 70 Thou+"
158,145,Prasad S. Gaonkar,https://myneta.info/goa2017/candidate.php?candidate_id=145,SANGUEM,IND,0,12th Pass,"Rs 1,88,41,591 ~ 1 Crore+","Rs 26,53,249 ~ 26 Lacs+"
159,203,Pratap Prabhakar Gauns,https://myneta.info/goa2017/candidate.php?candidate_id=203,SANQUELIM,NCP,0,10th Pass,"Rs 1,64,74,518 ~ 1 Crore+",Rs 0 ~
160,194,Pratapsingh R Rane,https://myneta.info/goa2017/candidate.php?candidate_id=194,PORIEM,INC,0,Graduate Professional,"Rs 50,00,16,663 ~ 50 Crore+","Rs 34,66,160 ~ 34 Lacs+"
161,90,Pravin Zantye,https://myneta.info/goa2017/candidate.php?candidate_id=90,MAEM,BJP,0,Graduate,"Rs 13,23,20,247 ~ 13 Crore+",Rs 0 ~
162,55,Preetam Keluskar,https://myneta.info/goa2017/candidate.php?candidate_id=55,DABOLIM,IND,0,Others,https://myneta.info/image_v2.php?myneta_folder=goa2017&candidate_id=55&col=ta,https://myneta.info/image_v2.php?myneta_folder=goa2017&candidate_id=55&col=lia
163,105,Premanand Nanoskar,https://myneta.info/goa2017/candidate.php?candidate_id=105,DABOLIM,Maharashtrawadi Gomantak,0,10th Pass,"Rs 1,31,72,563 ~ 1 Crore+","Rs 2,37,813 ~ 2 Lacs+"
164,13,Rajendra Arlekar,https://myneta.info/goa2017/candidate.php?candidate_id=13,PERNEM,BJP,0,Graduate,"Rs 2,56,60,021 ~ 2 Crore+","Rs 1,17,09,338 ~ 1 Crore+"
165,262,Rajendra M. Satelkar,https://myneta.info/goa2017/candidate.php?candidate_id=262,MANDREM,NCP,0,10th Pass,"Rs 31,00,000 ~ 31 Lacs+","Rs 80,000 ~ 80 Thou+"
166,199,Rajesh Dabholkar,https://myneta.info/goa2017/candidate.php?candidate_id=199,SALIGAO,SHS,0,10th Pass,"Rs 40,08,500 ~ 40 Lacs+",Rs 0 ~
167,19,Rajesh Patnekar,https://myneta.info/goa2017/candidate.php?candidate_id=19,BICHOLIM,BJP,0,12th Pass,"Rs 1,24,81,499 ~ 1 Crore+","Rs 5,12,780 ~ 5 Lacs+"
168,121,Rajesh T. Valvaikar,https://myneta.info/goa2017/candidate.php?candidate_id=121,PROVORIM,AAP,0,12th Pass,"Rs 42,07,646 ~ 42 Lacs+","Rs 8,47,237 ~ 8 Lacs+"
169,97,Rajesh Verekar,https://myneta.info/goa2017/candidate.php?candidate_id=97,PONDA,IND,0,Others,"Rs 6,39,38,519 ~ 6 Crore+","Rs 62,94,605 ~ 62 Lacs+"
170,198,Rajesh Vishnu Sinai Amonkar Alias Rajesh Amonkar,https://myneta.info/goa2017/candidate.php?candidate_id=198,PROVORIM,Maharashtrawadi Gomantak,0,Graduate,"Rs 5,44,07,661 ~ 5 Crore+","Rs 59,50,650 ~ 59 Lacs+"
171,167,Raju Dsouza,https://myneta.info/goa2017/candidate.php?candidate_id=167,PROVORIM,Samajwadi Janata Party (ChandraShekhar),0,10th Pass,https://myneta.info/image_v2.php?myneta_folder=goa2017&candidate_id=167&col=ta,https://myneta.info/image_v2.php?myneta_folder=goa2017&candidate_id=167&col=lia
172,281,Rakhi Naik,https://myneta.info/goa2017/candidate.php?candidate_id=281,SANGUEM,NCP,1,Graduate,"Rs 44,71,910 ~ 44 Lacs+","Rs 21,25,000 ~ 21 Lacs+"
173,150,Rama Gurudas Kankonkar,https://myneta.info/goa2017/candidate.php?candidate_id=150,ST. ANDRE,AAP,0,12th Pass,"Rs 9,72,500 ~ 9 Lacs+","Rs 5,43,700 ~ 5 Lacs+"
174,45,Ramakant Borkar,https://myneta.info/goa2017/candidate.php?candidate_id=45,CORTALIM,United Goans Party,1,10th Pass,"Rs 3,18,72,064 ~ 3 Crore+","Rs 7,04,229 ~ 7 Lacs+"
175,114,Ramesh Tawadkar,https://myneta.info/goa2017/candidate.php?candidate_id=114,CANACONA,IND,2,Graduate Professional,"Rs 1,02,84,808 ~ 1 Crore+","Rs 12,49,000 ~ 12 Lacs+"
176,78,Rameshwari Madhusudan Morajkar,https://myneta.info/goa2017/candidate.php?candidate_id=78,MAPUSA,Goa Su-Raj Party,0,Graduate Professional,"Rs 3,54,442 ~ 3 Lacs+","Rs 25,000 ~ 25 Thou+"
177,41,Ramkrishna Alias Sudin Dhavaliker	,https://myneta.info/goa2017/candidate.php?candidate_id=41,MARCAIM,Maharashtrawadi Gomantak,0,Graduate,"Rs 10,58,74,487 ~ 10 Crore+","Rs 2,13,77,906 ~ 2 Crore+"
178,195,Ramkrishna B. Jalmi,https://myneta.info/goa2017/candidate.php?candidate_id=195,PRIOL,INC,0,Graduate Professional,"Rs 29,05,992 ~ 29 Lacs+","Rs 9,04,139 ~ 9 Lacs+"
179,154,Ramrao Surya Naik Wagh,https://myneta.info/goa2017/candidate.php?candidate_id=154,ST. ANDRE,BJP,0,Post Graduate,"Rs 1,13,93,794 ~ 1 Crore+","Rs 15,87,468 ~ 15 Lacs+"
180,50,Ranjit Cotta Carvalho,https://myneta.info/goa2017/candidate.php?candidate_id=50,FATORDA,AAP,0,Post Graduate,https://myneta.info/image_v2.php?myneta_folder=goa2017&candidate_id=50&col=ta,https://myneta.info/image_v2.php?myneta_folder=goa2017&candidate_id=50&col=lia
181,76,Raut Pandurang Dattaram,https://myneta.info/goa2017/candidate.php?candidate_id=76,BICHOLIM,Goa Praja Party,0,10th Pass,"Rs 2,42,78,777 ~ 2 Crore+","Rs 47,53,476 ~ 47 Lacs+"
182,98,Ravi Sitaram Naik,https://myneta.info/goa2017/candidate.php?candidate_id=98,PONDA,INC,0,Post Graduate,"Rs 10,12,36,000 ~ 10 Crore+","Rs 10,10,000 ~ 10 Lacs+"
183,66,Ravindra Arjun Velip,https://myneta.info/goa2017/candidate.php?candidate_id=66,SANGUEM,AAP,0,10th Pass,"Rs 6,52,000 ~ 6 Lacs+",Rs 0 ~
184,211,Rodolfo Louis Fernandes,https://myneta.info/goa2017/candidate.php?candidate_id=211,ST. CRUZ,IND,0,12th Pass,"Rs 38,33,08,402 ~ 38 Crore+","Rs 1,51,62,000 ~ 1 Crore+"
185,122,Rohan Khaunte,https://myneta.info/goa2017/candidate.php?candidate_id=122,PROVORIM,IND,0,Others,"Rs 9,34,03,413 ~ 9 Crore+","Rs 1,35,29,479 ~ 1 Crore+"
186,111,Rosario Mariano Fernandes,https://myneta.info/goa2017/candidate.php?candidate_id=111,CURCHOREM,INC,1,10th Pass,"Rs 49,09,686 ~ 49 Lacs+","Rs 94,70,389 ~ 94 Lacs+"
187,31,Rosy Ursula D Souza,https://myneta.info/goa2017/candidate.php?candidate_id=31,ALDONA,AAP,0,10th Pass,"Rs 87,84,333 ~ 87 Lacs+","Rs 9,90,000 ~ 9 Lacs+"
188,44,Royla Clarina Fernandes,https://myneta.info/goa2017/candidate.php?candidate_id=44,BENAULIM,AAP,0,Graduate Professional,"Rs 39,47,957 ~ 39 Lacs+","Rs 19,000 ~ 19 Thou+"
189,282,Saifula Khan,https://myneta.info/goa2017/candidate.php?candidate_id=282,VASCO-DA-GAMA,INC,0,12th Pass,https://myneta.info/image_v2.php?myneta_folder=goa2017&candidate_id=282&col=ta,https://myneta.info/image_v2.php?myneta_folder=goa2017&candidate_id=282&col=lia
190,165,Sainath Patekar,https://myneta.info/goa2017/candidate.php?candidate_id=165,BICHOLIM,AAP,0,5th Pass,"Rs 1,54,01,466 ~ 1 Crore+","Rs 6,36,656 ~ 6 Lacs+"
191,115,Sandesh Telekar,https://myneta.info/goa2017/candidate.php?candidate_id=115,CANACONA,AAP,0,Graduate,"Rs 20,71,716 ~ 20 Lacs+","Rs 46,54,957 ~ 46 Lacs+"
192,163,Sanjay Krishnarao Prabhu Desai,https://myneta.info/goa2017/candidate.php?candidate_id=163,MANDREM,IND,0,10th Pass,"Rs 6,33,14,664 ~ 6 Crore+","Rs 3,00,000 ~ 3 Lacs+"
193,159,Sanjay Vasant Naik,https://myneta.info/goa2017/candidate.php?candidate_id=159,MORMUGAO,SHS,0,Others,"Rs 10,63,756 ~ 10 Lacs+",Rs 0 ~
194,166,Sanjay Vithu Barde,https://myneta.info/goa2017/candidate.php?candidate_id=166,MAPUSA,NCP,3,10th Pass,"Rs 10,25,000 ~ 10 Lacs+","Rs 9,25,000 ~ 9 Lacs+"
195,102,Sankalp Amonkar,https://myneta.info/goa2017/candidate.php?candidate_id=102,MORMUGAO,INC,2,Graduate,"Rs 3,52,10,948 ~ 3 Crore+","Rs 68,12,538 ~ 68 Lacs+"
196,269,Santosh Kumar Sawant,https://myneta.info/goa2017/candidate.php?candidate_id=269,MAEM,INC,0,10th Pass,"Rs 3,77,43,000 ~ 3 Crore+","Rs 1,98,00,000 ~ 1 Crore+"
197,263,Santosh Shankar Mandrekar,https://myneta.info/goa2017/candidate.php?candidate_id=263,PERNEM,NCP,0,10th Pass,"Rs 8,58,000 ~ 8 Lacs+",Rs 0 ~
198,11,Santosh Shrinivas Raiturkar,https://myneta.info/goa2017/candidate.php?candidate_id=11,MARGAO,AAP,0,Graduate,https://myneta.info/image_v2.php?myneta_folder=goa2017&candidate_id=11&col=ta,https://myneta.info/image_v2.php?myneta_folder=goa2017&candidate_id=11&col=lia
199,228,Satyaviajay Naik,https://myneta.info/goa2017/candidate.php?candidate_id=228,NAVELIM,Maharashtrawadi Gomantak,0,10th Pass,"Rs 40,65,209 ~ 40 Lacs+",Rs 0 ~
200,95,Satyavijay Subrai Naik,https://myneta.info/goa2017/candidate.php?candidate_id=95,VALPOI,BJP,0,8th Pass,"Rs 2,32,45,745 ~ 2 Crore+","Rs 1,36,36,032 ~ 1 Crore+"
201,146,Savitri Kavlekar,https://myneta.info/goa2017/candidate.php?candidate_id=146,SANGUEM,INC,0,12th Pass,"Rs 9,37,61,666 ~ 9 Crore+","Rs 2,50,88,857 ~ 2 Crore+"
202,210,Shakeel Jamal Shaikh,https://myneta.info/goa2017/candidate.php?candidate_id=210,ST. CRUZ,NCP,0,Post Graduate,"Rs 50,00,000 ~ 50 Lacs+","Rs 10,60,172 ~ 10 Lacs+"
203,234,Shankar Kirlapalkar,https://myneta.info/goa2017/candidate.php?candidate_id=234,SANVORDEM,INC,0,10th Pass,"Rs 1,55,84,708 ~ 1 Crore+","Rs 1,33,153 ~ 1 Lacs+"
204,106,Sharan Meti,https://myneta.info/goa2017/candidate.php?candidate_id=106,CORTALIM,Goa Su-Raj Party,0,Others,"Rs 5,01,22,325 ~ 5 Crore+","Rs 5,19,63,803 ~ 5 Crore+"
205,54,Sharmad Trivikram Pai Raiturkar,https://myneta.info/goa2017/candidate.php?candidate_id=54,MARGAO,BJP,0,Graduate,"Rs 1,03,71,969 ~ 1 Crore+","Rs 45,000 ~ 45 Thou+"
206,192,Shivanand Krishna Pilarnkar,https://myneta.info/goa2017/candidate.php?candidate_id=192,PERNEM,AAP,0,10th Pass,"Rs 3,38,392 ~ 3 Lacs+","Rs 3,00,000 ~ 3 Lacs+"
207,77,Shraddha Khalap,https://myneta.info/goa2017/candidate.php?candidate_id=77,MAPUSA,AAP,0,Post Graduate,https://myneta.info/image_v2.php?myneta_folder=goa2017&candidate_id=77&col=ta,https://myneta.info/image_v2.php?myneta_folder=goa2017&candidate_id=77&col=lia
208,72,Shridhar Ladu Manjrekar,https://myneta.info/goa2017/candidate.php?candidate_id=72,MANDREM,Maharashtrawadi Gomantak,0,10th Pass,"Rs 2,75,17,393 ~ 2 Crore+","Rs 66,69,749 ~ 66 Lacs+"
209,62,Shyam Gopinath Satardekar,https://myneta.info/goa2017/candidate.php?candidate_id=62,CURCHOREM,Goa Suraksha Manch,0,Graduate,"Rs 26,55,74,586 ~ 26 Crore+","Rs 12,99,72,615 ~ 12 Crore+"
210,227,Siddharth Karapurkar,https://myneta.info/goa2017/candidate.php?candidate_id=227,NAVELIM,AAP,0,Others,"Rs 2,23,67,589 ~ 2 Crore+",Rs 0 ~
211,6,Sidharth Sripad Kuncalienker,https://myneta.info/goa2017/candidate.php?candidate_id=6,PANAJI,BJP,0,Graduate Professional,"Rs 3,74,71,064 ~ 3 Crore+","Rs 53,94,988 ~ 53 Lacs+"
212,152,Simao Aleixo Caiado,https://myneta.info/goa2017/candidate.php?candidate_id=152,ST. ANDRE,IND,1,10th Pass,"Rs 10,75,000 ~ 10 Lacs+","Rs 8,00,000 ~ 8 Lacs+"
213,93,Sitaram Anant Gawas,https://myneta.info/goa2017/candidate.php?candidate_id=93,PORIEM,AAP,0,Post Graduate,"Rs 39,95,452 ~ 39 Lacs+","Rs 10,40,732 ~ 10 Lacs+"
214,285,Socorro Frederick Borges,https://myneta.info/goa2017/candidate.php?candidate_id=285,VELIM,NCP,0,Graduate,"Rs 93,06,815 ~ 93 Lacs+","Rs 15,40,021 ~ 15 Lacs+"
215,56,Subhash Alias Rajan K. Naik,https://myneta.info/goa2017/candidate.php?candidate_id=56,CUNCOLIM,BJP,0,Graduate,"Rs 2,64,68,127 ~ 2 Crore+","Rs 4,59,000 ~ 4 Lacs+"
216,39,Subhash Ankush Shirodkar,https://myneta.info/goa2017/candidate.php?candidate_id=39,SIRODA,INC,0,12th Pass,https://myneta.info/image_v2.php?myneta_folder=goa2017&candidate_id=39&col=ta,https://myneta.info/image_v2.php?myneta_folder=goa2017&candidate_id=39&col=lia
217,271,Subhash Narsinha Kinalkar,https://myneta.info/goa2017/candidate.php?candidate_id=271,MAEM,NCP,0,10th Pass,"Rs 1,31,97,000 ~ 1 Crore+","Rs 23,04,435 ~ 23 Lacs+"
218,65,Subhash Uttam Phal Dessai,https://myneta.info/goa2017/candidate.php?candidate_id=65,SANGUEM,BJP,0,Graduate,"Rs 6,80,68,448 ~ 6 Crore+","Rs 62,41,998 ~ 62 Lacs+"
219,231,Sudesh Gaude,https://myneta.info/goa2017/candidate.php?candidate_id=231,QUEPEM,Maharashtrawadi Gomantak,0,10th Pass,"Rs 14,40,843 ~ 14 Lacs+",Rs 0 ~
220,233,Sudesh Noni Gaunkar,https://myneta.info/goa2017/candidate.php?candidate_id=233,SANGUEM,IND,0,12th Pass,"Rs 20,000 ~ 20 Thou+",Rs 0 ~
221,278,Suhas Gajanan Naik,https://myneta.info/goa2017/candidate.php?candidate_id=278,PORIEM,Maharashtrawadi Gomantak,0,8th Pass,"Rs 19,51,500 ~ 19 Lacs+","Rs 4,84,257 ~ 4 Lacs+"
222,245,Suman Sharma,https://myneta.info/goa2017/candidate.php?candidate_id=245,CORTALIM,Maharashtrawadi Gomantak,0,Graduate,"Rs 12,57,271 ~ 12 Lacs+","Rs 2,45,000 ~ 2 Lacs+"
223,100,Sunil Desai,https://myneta.info/goa2017/candidate.php?candidate_id=100,PONDA,BJP,0,Graduate,"Rs 2,70,39,524 ~ 2 Crore+","Rs 7,78,750 ~ 7 Lacs+"
224,89,Sunil Savlo Kerkar,https://myneta.info/goa2017/candidate.php?candidate_id=89,ST. ANDRE,IND,1,Graduate Professional,"Rs 1,45,000 ~ 1 Lacs+",Rs 0 ~
225,42,Surel Datta Tilve,https://myneta.info/goa2017/candidate.php?candidate_id=42,MARCAIM,AAP,0,Graduate Professional,https://myneta.info/image_v2.php?myneta_folder=goa2017&candidate_id=42&col=ta,https://myneta.info/image_v2.php?myneta_folder=goa2017&candidate_id=42&col=lia
226,244,Suresh Barve,https://myneta.info/goa2017/candidate.php?candidate_id=244,DABOLIM,Niz Goenkar Revolution Front,0,5th Pass,"Rs 14,35,400 ~ 14 Lacs+",Rs 0 ~
227,92,Suresh Kuso Amonkar,https://myneta.info/goa2017/candidate.php?candidate_id=92,SANQUELIM,Goa Suraksha Manch,0,Graduate Professional,"Rs 1,63,55,684 ~ 1 Crore+",Rs 0 ~
228,17,Tara Govind Kerkar,https://myneta.info/goa2017/candidate.php?candidate_id=17,DABOLIM,IND,0,10th Pass,"Rs 33,99,000 ~ 33 Lacs+",Rs 0 ~
229,133,Urmila Alias Vindiksha Vinod Naik,https://myneta.info/goa2017/candidate.php?candidate_id=133,MARCAIM,INC,0,8th Pass,"Rs 82,11,476 ~ 82 Lacs+","Rs 2,38,000 ~ 2 Lacs+"
230,125,Valmiki Naik,https://myneta.info/goa2017/candidate.php?candidate_id=125,PANAJI,AAP,0,Post Graduate,"Rs 1,18,75,780 ~ 1 Crore+",Rs 0 ~
231,136,Vasant Naik,https://myneta.info/goa2017/candidate.php?candidate_id=136,DABOLIM,AAP,0,12th Pass,"Rs 31,52,944 ~ 31 Lacs+","Rs 4,09,529 ~ 4 Lacs+"
232,147,Vasudev Gaonkar,https://myneta.info/goa2017/candidate.php?candidate_id=147,SANGUEM,Maharashtrawadi Gomantak,1,10th Pass,"Rs 7,91,189 ~ 7 Lacs+",Rs 0 ~
233,53,Vijai Jaivant Sardesai,https://myneta.info/goa2017/candidate.php?candidate_id=53,FATORDA,Goa Forward Party,0,Graduate,"Rs 14,75,55,994 ~ 14 Crore+","Rs 7,35,58,259 ~ 7 Crore+"
234,94,Vijay Atmaram Gaonkar,https://myneta.info/goa2017/candidate.php?candidate_id=94,VALPOI,Maharashtrawadi Gomantak,0,12th Pass,https://myneta.info/image_v2.php?myneta_folder=goa2017&candidate_id=94&col=ta,https://myneta.info/image_v2.php?myneta_folder=goa2017&candidate_id=94&col=lia
235,117,Vijay Laxman Bhike,https://myneta.info/goa2017/candidate.php?candidate_id=117,MAPUSA,INC,0,12th Pass,"Rs 1,84,31,376 ~ 1 Crore+","Rs 43,64,261 ~ 43 Lacs+"
236,214,Vijay More,https://myneta.info/goa2017/candidate.php?candidate_id=214,TALEIGAO,IND,0,12th Pass,"Rs 5,97,500 ~ 5 Lacs+","Rs 9,00,000 ~ 9 Lacs+"
237,74,Vikesh Ramesh Assotikar,https://myneta.info/goa2017/candidate.php?candidate_id=74,PERNEM,INC,0,Others,"Rs 5,08,74,189 ~ 5 Crore+","Rs 74,53,460 ~ 74 Lacs+"
238,178,Vinay Tari,https://myneta.info/goa2017/candidate.php?candidate_id=178,VELIM,BJP,0,Graduate,"Rs 23,84,414 ~ 23 Lacs+",Rs 0 ~
239,109,Vincent Rodrigues,https://myneta.info/goa2017/candidate.php?candidate_id=109,NUVEM,NCP,0,10th Pass,"Rs 4,73,76,403 ~ 4 Crore+","Rs 5,43,722 ~ 5 Lacs+"
240,79,Vinod Fadke,https://myneta.info/goa2017/candidate.php?candidate_id=79,MAPUSA,Maharashtrawadi Gomantak,2,Graduate,"Rs 3,36,27,590 ~ 3 Crore+",Rs 0 ~
241,23,Vinoda Datarama Paliencar,https://myneta.info/goa2017/candidate.php?candidate_id=23,SIOLIM,Goa Forward Party,1,Graduate,"Rs 9,13,75,788 ~ 9 Crore+","Rs 54,97,513 ~ 54 Lacs+"
242,184,Vishal Shambu Volvoikar,https://myneta.info/goa2017/candidate.php?candidate_id=184,CUMBARJUA,IND,0,Graduate,"Rs 40,09,780 ~ 40 Lacs+","Rs 8,32,789 ~ 8 Lacs+"
243,25,Vishnu Mhaddu Naik,https://myneta.info/goa2017/candidate.php?candidate_id=25,SIOLIM,AAP,0,Post Graduate,https://myneta.info/image_v2.php?myneta_folder=goa2017&candidate_id=25&col=ta,https://myneta.info/image_v2.php?myneta_folder=goa2017&candidate_id=25&col=lia
244,276,Vishwajit Krishnarao Rane,https://myneta.info/goa2017/candidate.php?candidate_id=276,PORIEM,BJP,0,Graduate,"Rs 11,83,97,500 ~ 11 Crore+","Rs 80,57,600 ~ 80 Lacs+"
245,170,Vishwajit Pratapsingh Rane,https://myneta.info/goa2017/candidate.php?candidate_id=170,VALPOI,INC,2,Graduate,"Rs 21,31,05,484 ~ 21 Crore+","Rs 11,29,94,840 ~ 11 Crore+"
246,197,Wilbur Fredrick Ticlo,https://myneta.info/goa2017/candidate.php?candidate_id=197,PROVORIM,IND,0,Graduate,"Rs 3,11,25,128 ~ 3 Crore+","Rs 84,40,125 ~ 84 Lacs+"
247,110,Wilfred Nazareth Menino Dsa,https://myneta.info/goa2017/candidate.php?candidate_id=110,NUVEM,INC,0,8th Pass,"Rs 8,44,49,932 ~ 8 Crore+","Rs 55,16,096 ~ 55 Lacs+"
248,179,Wilson Mazarello,https://myneta.info/goa2017/candidate.php?candidate_id=179,VELIM,IND,0,Graduate,"Rs 6,29,300 ~ 6 Lacs+",Rs 0 ~
249,128,Xavier Fialho,https://myneta.info/goa2017/candidate.php?candidate_id=128,CUMBARJUA,INC,0,Graduate,"Rs 4,29,09,000 ~ 4 Crore+","Rs 1,25,49,000 ~ 1 Crore+"
